Optimizer,ETT - Abnormal,ETT - Borderline,ETT - Normal,NGT - Abnormal,NGT - Borderline,NGT - Incompletely Imaged,NGT - Normal,CVC - Abnormal,CVC - Borderline,CVC - Normal,Swan Ganz Catheter Present,Mean
AdaBelief,0.0077742734,0.19620289,0.85584587,0.006045371999999999,0.03602539,0.5109382,0.63687575,0.2624245,0.24241768,0.38865265,0.8013069,0.35859177
Adam,0.0013493914999999999,0.0921808,0.7100890000000001,0.004511665,0.015185005,0.433855,0.5392452,0.028261717000000002,0.05395812,0.05469952,0.50752306,0.22189623
DemonAdam,0.0037712269000000002,0.12999918,0.8318366,0.019163737,0.08473151,0.5258046,0.58078694,0.13073371,0.047074337,0.07200646,0.7967472,0.29296869999999997
AdaBound,0.0014388942,0.13229242,0.83137107,0.0051724734000000005,0.015824905,0.51697415,0.6388001999999999,0.18902959,0.22077717,0.36789414,0.7547089,0.33402583
DemonSGD,0.0013485212,0.11739062,0.81062454,0.0034904590000000004,0.011731963,0.42921188,0.5715794,0.024779473,0.059787672,0.056431102999999996,0.17676568,0.20574012
Yogi,0.0037697309999999997,0.096458435,0.7532141,0.005658076999999999,0.007579320600000001,0.3999351,0.46894312,0.020699065,0.035849713,0.015038967,0.15112475,0.17802459
