Metrics,ETT - Abnormal,ETT - Borderline,ETT - Normal,NGT - Abnormal,NGT - Borderline,NGT - Incompletely Imaged,NGT - Normal,CVC - Abnormal,CVC - Borderline,CVC - Normal,Swan Ganz Catheter Present,Mean
AUC,0.93707865,0.9220778000000001,0.98000157,0.8901235999999999,0.89529884,0.9596994000000001,0.96189815,0.84617513,0.7943302,0.8579254000000001,0.9919710999999999,0.9113551
AUC_valid,0.8290937,0.91934013,0.9775796,0.8684286,0.8852745000000001,0.94900966,0.9557674,0.81634825,0.7698531,0.82446456,0.9958423000000001,0.8910806999999998
AreaMcc,0.010502816000000002,0.1539391,0.75480396,0.015008806000000001,0.044017553,0.5143883,0.47915027,0.30992886,0.24563179999999998,0.35943237,0.65410477,0.32190078
AreaMcc_valid,0.0041478537,0.13931459999999998,0.74141115,0.009851768,0.044442993,0.46466106,0.45338506,0.28411594,0.22615008,0.32567209999999996,0.66349053,0.30514938
