Metrics,ETT - Abnormal,ETT - Borderline,ETT - Normal,NGT - Abnormal,NGT - Borderline,NGT - Incompletely Imaged,NGT - Normal,CVC - Abnormal,CVC - Borderline,CVC - Normal,Swan Ganz Catheter Present,Mean
AUC,0.9527996,0.97274685,0.9949133,0.9450767,0.9475847,0.9856375,0.9880933000000001,0.9254331,0.8794017,0.93591297,0.99823517,0.9533447
AUC_valid,0.92434376,0.9518496,0.9903089,0.89370966,0.93580925,0.9734974000000001,0.9794204,0.8575280999999999,0.8138673000000001,0.8781485000000001,0.99243176,0.921256
AreaMcc,0.06503159,0.47009444,0.89216965,0.05073594,0.14081787,0.6969356,0.7815193,0.5068365,0.40118107,0.6213276999999999,0.9385614,0.5059283
AreaMcc_valid,0.08171411,0.3288199,0.86893517,0.025411772000000003,0.10728668400000001,0.60566545,0.7268189,0.38449112,0.31888252,0.5001773,0.93636745,0.44405186
