Metrics,ETT - Abnormal,ETT - Borderline,ETT - Normal,NGT - Abnormal,NGT - Borderline,NGT - Incompletely Imaged,NGT - Normal,CVC - Abnormal,CVC - Borderline,CVC - Normal,Swan Ganz Catheter Present,Mean
AUC,0.9742881,0.9875575999999999,0.9975168,0.93718094,0.9538652,0.99153554,0.9918689,0.94550115,0.91555434,0.9617450000000001,0.999533,0.96767044
AUC_valid,0.9233021999999999,0.941902,0.98873395,0.90599036,0.90824014,0.96321094,0.9703207,0.86331934,0.7853303,0.8661861999999999,0.9954829,0.90985197
AreaMcc,0.056727465,0.6455255999999999,0.9065745999999999,0.05270769,0.25197706,0.762646,0.7857066,0.5907399,0.55287224,0.68490034,0.9387636,0.56628555
AreaMcc_valid,0.052325036,0.40772578,0.8495988999999999,0.031477906,0.11666977,0.59869254,0.68247867,0.42552429999999997,0.33919954,0.5082962999999999,0.9031135,0.4468275
