Metrics,ETT - Abnormal,ETT - Borderline,ETT - Normal,NGT - Abnormal,NGT - Borderline,NGT - Incompletely Imaged,NGT - Normal,CVC - Abnormal,CVC - Borderline,CVC - Normal,Swan Ganz Catheter Present,Mean
AUC,0.92100793,0.9308113000000001,0.9874296,0.90387595,0.8910452,0.97358453,0.97160864,0.83623916,0.79892045,0.86990047,0.9926064,0.9154623
AUC_valid,0.9180729999999999,0.93489313,0.9885311999999999,0.8420917,0.8984204,0.96141165,0.9629392,0.78457147,0.75135136,0.811307,0.98418105,0.8921705
AreaMcc,0.005803219,0.12079084,0.7914047,0.020582445,0.045900773,0.5493484000000001,0.6113643,0.18273744,0.18609579,0.35649756,0.7773068000000001,0.33162114
AreaMcc_valid,0.005777843299999999,0.11417827,0.7944608,0.007076943299999999,0.063528106,0.47345835,0.58709836,0.14888701,0.15816273,0.29421127,0.7349471,0.30743515
